erm,gcn,90.832 ± 1.201,89.218 ± 2.945,90.162 ± 2.204,
87.130 ± 4.043,
88.720 ± 3.371,
88.103 ± 3.310,
89.599 ± 2.576,
89.665 ± 2.470,
89.456 ± 2.497,
89.480 ± 2.564,
87.083 ± 3.501,
92.3660 88.9150 84.9804 82.1699 79.9739 87.6209 91.3072 91.3203 89.2680 87.3726 91.5948 84.5490 89.3595 87.8954 87.3726 76.6405 88.8235 83.9477 88.1961 88.9281 
92.3660 90.0131 84.6274 82.0000 84.3007 89.3072 91.1765 92.1830 90.0261 88.7582 91.2680 87.9216 91.2549 89.9869 90.0915 79.9346 89.8170 89.3072 90.3137 89.7516 
91.8431 89.4902 81.2941 81.6732 82.0915 88.0654 89.7516 91.1765 90.3399 85.6471 91.9869 88.9542 90.9281 89.3726 89.6601 85.3072 90.0523 86.3922 88.2614 89.7778 
92.2222 90.2614 87.0719 81.8039 84.4575 89.9608 91.2418 92.2614 90.9804 88.3791 90.9804 90.1438 92.0000 90.5882 90.3007 88.7582 90.2353 89.5686 90.5621 90.1961 
90.3791 90.7059 86.3007 81.7778 85.7255 89.2418 91.5948 92.2222 91.2026 89.7255 91.1895 90.3007 91.8039 89.2288 90.0915 89.2288 90.2092 90.8105 91.2680 90.3007 
91.4379 90.1438 87.2680 81.6863 84.0131 89.4771 91.2288 91.7255 91.1634 89.5817 90.1569 90.1307 91.4379 90.5229 89.9739 89.0458 90.3922 89.6078 90.0654 90.0654 
91.3464 89.8954 86.0392 81.6601 84.6536 89.8954 91.2810 91.3072 91.1895 88.8235 91.4118 90.0392 91.3987 90.6405 90.4314 88.2614 90.0654 90.5098 90.7974 89.9608 
92.4706 88.2745 82.6013 81.9739 80.8627 87.9346 89.0980 89.6340 90.4444 86.5752 91.6601 85.1242 87.7908 88.5098 87.5817 79.4379 88.8627 85.8431 88.5621 88.4183 
