gstopr,gcn,88.629 ± 3.765,87.082 ± 3.994,88.152 ± 3.878,
85.367 ± 4.808,
86.975 ± 4.196,
86.274 ± 4.105,
87.890 ± 3.840,
87.952 ± 3.902,
88.008 ± 3.648,
87.707 ± 4.011,
83.984 ± 4.833,
93.1111 79.5163 84.3660 78.9020 88.2614 82.1046 90.9412 92.4575 87.3333 82.0392 92.6536 82.0392 83.2941 82.2353 88.0000 83.2680 76.8366 89.5948 83.3726 87.0196 
93.0980 83.0196 84.7190 80.7320 90.0654 82.0915 91.3856 92.8366 88.5229 82.0523 92.5752 82.0261 85.7255 82.2876 88.0261 87.2288 83.6078 91.1111 87.6732 90.7059 
93.0719 83.9085 82.2745 82.4444 89.4379 82.0915 90.5359 92.3660 87.8824 82.0392 92.2353 82.0392 85.6471 82.3268 87.8039 83.4902 85.3726 89.6209 80.8889 90.0000 
92.8235 87.8693 83.9869 84.7974 90.3268 82.1176 91.2157 92.7974 89.6471 82.0261 92.2092 82.0392 90.2484 82.2614 85.6340 87.1765 89.5556 90.6797 89.1242 91.2680 
92.7582 88.0000 84.8627 83.7386 90.6274 82.1176 91.4902 92.5359 90.1307 82.1046 91.3987 82.0392 91.1373 82.1699 84.9542 87.4641 89.3595 90.9673 90.0654 91.1111 
92.7059 89.7908 84.5621 85.7386 90.3529 82.1176 91.1111 92.9281 89.5425 82.0523 90.8366 82.0131 89.2941 82.4314 87.1765 87.8954 88.2745 91.1634 88.9281 91.2418 
92.8235 87.6471 82.9150 81.8039 90.5229 82.0915 91.1634 92.4967 90.1307 82.0784 92.1961 82.0915 89.1634 82.4706 86.6667 87.6601 88.7059 91.1503 89.0850 91.2680 
91.7124 79.2288 83.1895 78.8366 87.6340 82.1046 89.5556 90.6274 85.2418 82.0523 90.7974 82.0523 82.4837 82.3007 87.6209 77.6993 75.7908 89.8824 79.4510 81.4118 
