eerm,gcn,93.514 ± 1.245,65.417 ± 5.189,81.126 ± 6.876,
68.263 ± 6.476,
75.436 ± 6.871,
74.197 ± 7.483,
58.468 ± 4.514,
69.634 ± 6.815,
76.381 ± 4.880,
76.420 ± 5.686,
66.653 ± 6.558,


53.6928 70.7164 64.9926 71.1595 72.7105 68.8331 62.1123 74.5569 74.1137 64.7710 64.8818 61.4106 60.5982 62.4446 69.6824 74.3722 80.4284 75.0739 73.1167 65.5835 
74.1876 75.5908 71.7873 75.2954 85.5982 70.1994 66.5436 83.9365 82.3486 71.3072 73.5598 67.7622 64.8818 69.1285 80.3176 77.9911 87.1492 86.1891 75.7016 69.2393 
81.6470 79.0620 69.3501 76.7356 83.2349 69.6086 64.4018 66.5066 78.8774 71.6765 75.5539 69.6824 61.0783 69.7563 81.7947 73.2275 89.0325 84.0473 73.3013 65.3619 
61.8907 59.2688 59.4904 61.2999 48.1905 59.6381 53.4712 60.1182 66.8021 56.2038 56.3146 52.2895 61.1152 54.1359 58.1610 61.2999 54.2097 58.3826 65.8050 61.2629 
76.6987 77.1418 62.1861 75.8863 73.7445 69.7563 64.4018 59.1950 73.4121 68.1684 70.7533 64.9557 57.0901 63.3309 77.3264 68.5377 79.8375 78.5081 69.0546 62.7031 
83.7888 82.6440 73.3383 73.8552 81.2408 68.7592 77.2526 77.6588 77.3264 74.5199 78.2127 73.7814 69.1285 70.0517 77.5111 77.5849 86.1891 79.9114 74.5569 70.3102 
79.8006 84.1950 73.5598 73.3013 74.9261 67.8360 74.4830 84.2688 80.4653 72.8951 78.0281 75.2954 69.4609 69.7194 80.6130 78.8405 85.3767 83.2718 75.9601 66.1004 
50.7386 71.8981 62.4815 66.5066 72.5628 66.2851 58.6411 73.1167 71.4549 60.0443 64.6972 60.4136 61.5953 62.8508 69.7932 71.7134 76.8095 73.7445 72.7105 64.9926 
