98.905 ± 0.331,98.233 ± 0.367,98.559 ± 0.417,
98.238 ± 0.358,
98.643 ± 0.300,
97.391 ± 0.422,
96.345 ± 0.791,
96.745 ± 0.694,
95.430 ± 0.854,
97.441 ± 0.639,
92.086 ± 1.412,

98.0131 98.1699 98.6536 98.5490 97.8039 
98.7974 98.2745 98.8497 98.9281 98.3660 
97.1242 97.5686 97.5686 97.8824 96.8105 
97.0458 95.0850 96.9673 96.1830 96.4444 
97.4771 95.9085 97.4510 96.5229 96.3660 
96.0784 94.1438 96.2353 95.0458 95.6471 
98.1046 96.4183 97.7516 97.3072 97.6209 
90.5621 94.2353 91.2941 92.6144 91.7255 
