98.805 ± 0.194,98.188 ± 0.309,98.750 ± 0.174,98.371 ± 0.446,98.544 ± 0.214,97.773 ± 0.517,97.229 ± 0.601,97.613 ± 0.263,96.769 ± 0.805,97.786 ± 0.333,95.391 ± 1.580,
98.4575 97.7516 98.8497 98.6928 98.1046 
98.5490 98.2484 98.8366 98.6144 98.4706 
97.2810 97.9869 98.5752 97.4902 97.5294 
97.2941 98.0654 96.7974 97.4641 96.5229 
97.5294 98.0000 97.6209 97.6471 97.2680 
96.3007 97.9477 96.2876 97.2549 96.0523 
97.8693 98.2614 97.5948 97.8301 97.3726 
94.4314 96.8627 96.7320 95.7647 93.1634 
96.209 ± 0.360
96.669 ± 0.361
95.822 ± 0.344
95.872 ± 0.711
95.997 ± 0.548
95.461 ± 1.145
96.277 ± 0.400
93.025 ± 2.263

