erm,gcn,93.872 ± 1.661,63.946 ± 9.358,89.053 ± 5.863,
64.675 ± 6.379,
72.376 ± 5.225,
70.438 ± 8.492,
59.154 ± 7.529,
64.529 ± 10.335,
76.675 ± 4.423,
74.603 ± 5.248,
62.925 ± 6.280,


61.1891 68.0945 55.9453 72.4889 72.7105 71.0857 52.2526 72.0458 64.1433 62.7031 62.7400 57.4594 70.4579 75.9601 63.2939 62.0384 67.7991 60.1551 61.5953 59.3427 
69.3501 79.6898 62.0015 72.2304 75.8863 81.2038 68.9069 78.9513 73.4490 73.3752 76.2555 65.1034 71.8612 78.9882 68.4638 64.5864 72.4520 74.1137 69.4978 71.1595 
69.9040 80.2806 64.7341 68.9069 59.6381 79.7267 60.7090 76.9202 79.6529 71.8981 63.4786 51.9941 77.4003 84.8597 62.9247 67.5406 72.4151 74.4092 64.2910 77.0679 
62.9247 69.1654 52.3634 69.4978 59.3427 68.2792 55.1699 53.0281 66.9498 59.7120 41.5066 54.8375 63.3678 58.2349 58.6041 48.2275 57.0901 56.2777 57.9764 70.5318 
60.5244 70.5687 61.6322 63.6263 59.3058 79.6529 57.9394 78.8405 72.5258 53.5081 50.7755 48.0428 74.0030 84.8597 60.4505 60.3028 52.8434 67.3560 59.0473 74.7784 
82.0532 77.0679 77.6588 76.3294 77.7696 78.5081 77.6588 73.1905 77.8065 73.3013 77.0310 65.8050 78.5081 81.1300 83.9734 71.3442 73.4490 82.2747 70.1256 78.5081 
78.6928 77.5849 72.1196 76.5510 69.9778 70.4210 63.4786 69.8301 81.6100 75.4062 78.5451 65.6942 75.9601 80.8346 70.5318 71.4919 74.7784 81.3146 76.0340 81.2038 
56.0931 67.6883 56.2038 69.7563 66.6913 64.6603 51.4402 68.0576 66.9128 58.7888 59.4904 55.6130 63.6263 80.4284 62.1123 63.0354 62.8508 60.4505 62.2969 62.2969 
