99.080 ± 0.320,98.429 ± 0.169,98.769 ± 0.482,
98.858 ± 0.281,
98.803 ± 0.351,
98.575 ± 0.571,
92.447 ± 2.453,
93.519 ± 2.114,
91.250 ± 2.929,
94.081 ± 2.183,
91.809 ± 2.459,
98.5882 98.6274 98.7582 99.1373 99.1765 
98.7190 98.4967 98.4575 99.1373 99.2026 
97.6209 98.5359 98.7320 99.0850 98.9020 
96.7843 91.2418 91.9608 91.3203 90.9281 
97.1895 91.7255 92.9542 92.9150 92.8105 
96.2353 88.6667 91.2026 90.0131 90.1307 
97.9608 92.6797 93.2288 93.2810 93.2549 
93.1373 93.8431 93.6601 90.0000 88.4052 
