gstopr,gcn,78.026 ± 1.143,75.295 ± 2.169,77.398 ± 1.185,
75.870 ± 1.542,
76.911 ± 1.336,
75.986 ± 1.415,
73.370 ± 2.177,
75.478 ± 1.785,
76.294 ± 0.914,
75.096 ± 1.026,
76.038 ± 1.415,


78.3973 79.9852 74.7784 76.2925 76.0709 76.8833 73.6706 75.5908 77.1049 76.4402 73.4121 74.1137 76.4402 75.2216 76.2186 76.0340 75.9232 74.9261 74.9631 74.9261 
79.1728 80.7607 77.9911 77.8065 76.6987 76.5510 74.4830 75.7386 76.8833 76.5879 76.2925 75.2216 76.9572 76.1078 76.8464 76.6617 77.4372 76.8464 76.5140 76.6617 
79.7637 78.8774 77.2526 76.9202 75.6647 75.2216 74.0768 74.7415 76.5510 75.8493 75.5908 73.8922 76.1448 75.2954 76.2186 75.0000 75.6278 75.7755 75.2954 75.9601 
77.3634 77.6957 72.1935 74.4830 70.7164 74.7784 71.8242 72.2674 73.0798 73.9291 69.8671 74.2245 73.3383 72.3043 75.0739 69.4609 71.8612 74.4092 73.1536 75.3693 
78.9882 78.6189 76.5879 76.7725 73.9291 76.1448 71.8612 74.6676 75.9970 75.8124 72.0089 74.0030 74.7415 75.3693 76.7356 74.3353 76.1817 75.5170 75.2954 75.9970 
78.0281 78.7297 77.2157 77.1418 76.1448 76.2186 75.0369 75.4801 76.0340 76.4402 76.4033 75.1846 76.3663 75.4062 76.2555 75.7755 76.2555 75.9970 75.5170 76.2555 
77.7696 76.4402 75.4431 76.1817 75.9601 74.8892 73.6337 74.0030 75.6647 75.4801 75.0369 73.5967 75.3693 74.8523 75.4431 74.1876 74.1507 74.4461 74.4092 74.9631 
78.5820 80.3176 75.5539 74.7784 74.7784 76.7356 74.0030 75.9232 76.9202 76.2186 75.5170 74.4461 75.2954 75.7755 76.5879 76.2555 76.2555 75.5170 75.7016 75.5908 
